username,role
deephaven-internal,admin
devinrsmith,admin
rcaudy,admin
deephavendatalabs,member
mattrunyon,member
nbauernfeind,member
mofojed,member
jcferretti,member
niloc132,member
kosak,member
dgodinez-dh,member
dsmmcken,member
chipkent,member
vbabich,member
jmao-denver,member
spasovski,member
pete-petey,member
BitFlippedCelt,member
margaretkennedy,member
mikeblas,member
cpwright,member
JamesXNelson,member
hythloda,member
jjbrosnan,member
robbcamera,member
rachelmbrubaker,member
pchambre,member
AlSpinks,member
aosecky,member
abaranec,member
danshelley,member
darinpetty,member
staceybrusco,member
